transactionId,userId,amount,merchant,country,date
1,6,432.61,Twitterwire,UA,2025-10-04T03:08:35Z
2,6,1031.27,Meezzy,RU,2025-10-04T03:24:59Z
3,6,1893.77,Dynazzy,VN,2025-10-04T03:50:23Z
4,6,2666.83,Mydeo,PK,2025-10-04T04:42:26Z
5,6,4497.18,Ntags,AR,2025-10-04T06:09:31Z
6,6,4305.49,Jayo,UA,2025-10-04T06:33:02Z
7,6,6477.64,Flipstorm,IN,2025-10-04T06:46:00Z
8,6,8350.94,Ntags,UA,2025-10-04T07:56:34Z
9,6,8650.41,Tagopia,DE,2025-10-04T08:59:40Z
10,6,9999.99,Realblab,HR,2025-10-04T10:24:17Z
11,6,9789.19,Vipe,NG,2025-10-04T11:34:32Z
12,7,5,Tazz,CA,2025-10-05T10:23:28Z
13,10,896.6,Oyoyo,PL,2025-10-05T18:01:33Z
14,10,3569.36,Twitterwire,CU,2025-10-05T18:53:34Z
15,10,5733.22,Eidel,CA,2025-10-05T19:06:30Z
16,10,8708.54,Edgeify,US,2025-10-05T19:36:48Z
17,10,9917.25,Feedbug,IT,2025-10-05T19:59:21Z
18,10,3108.06,Talane,PK,2025-10-05T21:12:56Z
19,8,2888.36,Jatri,FR,2025-10-13T03:21:23Z
20,8,6778.07,Jatri,PL,2025-10-13T03:59:56Z
21,8,9999.99,Gigaclub,US,2025-10-13T04:35:02Z
22,8,391.6,Brightbean,BY,2025-10-13T05:48:39Z
23,8,240.57,Wikivu,US,2025-10-13T06:05:51Z
24,8,9274.67,Jabbercube,FR,2025-10-13T06:10:15Z
25,8,3705.66,JumpXS,CO,2025-10-13T07:25:41Z
26,8,9999.99,Gevee,CN,2025-10-13T07:35:16Z
27,8,206.61,Divape,SY,2025-10-13T07:45:47Z
28,8,9999.99,Talane,FR,2025-10-13T08:54:38Z
29,8,1341.67,Skynoodle,AU,2025-10-13T10:08:37Z
30,8,1555.18,JumpXS,MA,2025-10-13T10:41:11Z
31,8,9999.99,Shufflester,GB,2025-10-13T10:54:37Z
32,8,533.28,Kwideo,VN,2025-10-13T11:13:19Z
33,8,9999.99,Mydeo,NO,2025-10-13T11:32:40Z
34,1,5,Tagtune,ZA,2025-10-13T11:55:06Z
35,18,500.75,Shufflester,BR,2025-10-16T03:28:47Z
36,18,1277.7,Avamba,MA,2025-10-16T03:30:05Z
37,18,2026.4,Tazz,PT,2025-10-16T04:48:19Z
38,18,7069.61,Avamba,KZ,2025-10-16T05:02:18Z
39,18,7703.8,Jayo,FR,2025-10-16T05:24:49Z
40,18,1843.92,Quimba,CO,2025-10-16T06:14:49Z
41,18,9036.13,Babblestorm,PT,2025-10-16T07:19:12Z
42,18,1936.98,Divavu,IR,2025-10-16T08:10:30Z
43,18,9999.99,Rhybox,AR,2025-10-16T09:35:27Z
44,18,9584.62,Jabbercube,RU,2025-10-16T10:53:01Z
45,18,1816.73,Gigaclub,RU,2025-10-16T11:25:36Z
46,18,819.78,Kimia,RU,2025-10-16T12:09:27Z
47,18,623.87,Wikivu,BR,2025-10-16T12:21:32Z
48,18,9999.99,Kwideo,TR,2025-10-16T13:37:08Z
49,18,916.61,Twitterwire,TR,2025-10-16T14:46:17Z
50,18,1545.61,Linklinks,TR,2025-10-16T15:01:38Z
51,12,5,Vinte,PT,2025-10-17T12:37:34Z
52,15,5,Skivee,TH,2025-10-18T11:22:51Z
53,9,41.75,Kimia,JP,2025-10-19T20:31:00Z
54,17,3140.84,Linkbuzz,TR,2025-10-19T21:44:06Z
55,20,157.31,Quimba,TR,2025-10-22T16:28:12Z
56,19,5,Plajo,CZ,2025-10-23T21:53:00Z
57,11,556.54,Skajo,JP,2025-10-24T15:37:02Z
58,4,9535.37,Pixope,IE,2025-10-25T17:48:25Z
59,4,184.74,Skyvu,PL,2025-10-25T18:46:08Z
60,4,9999.99,Tagtune,TH,2025-10-25T19:33:40Z
61,4,2714.14,Jabbercube,CU,2025-10-25T21:01:02Z
62,4,878.32,Jabbercube,TH,2025-10-25T22:19:31Z
63,4,9999.99,Vipe,EG,2025-10-25T23:14:10Z
64,4,594.08,Blogspan,GR,2025-10-26T00:27:51Z
65,4,9999.99,Vinte,TH,2025-10-26T01:07:56Z
66,16,1977.13,Linktype,GB,2025-10-26T03:18:47Z
67,16,8469.59,Linklinks,MX,2025-10-26T03:55:08Z
68,16,1291.91,Quimba,NO,2025-10-26T04:10:54Z
69,16,2259.29,Demivee,GB,2025-10-26T05:38:29Z
70,16,9429.3,Divavu,PL,2025-10-26T07:04:43Z
71,16,9999.99,Janyx,JP,2025-10-26T07:36:07Z
72,16,2709.11,Twimbo,FR,2025-10-26T08:11:18Z
73,16,2515.16,Kazu,AR,2025-10-26T09:25:52Z
74,16,9999.99,Yadel,GB,2025-10-26T09:41:17Z
75,13,4002.29,Edgeify,PL,2025-10-29T21:33:28Z
76,3,292.62,Tanoodle,RU,2025-11-01T02:23:07Z
77,3,853.57,Izio,CZ,2025-11-01T03:43:22Z
78,3,1644.98,Roombo,CZ,2025-11-01T04:33:21Z
79,3,1309.34,Skinte,ZA,2025-11-01T05:01:11Z
80,3,2334.24,Wikivu,VE,2025-11-01T05:27:28Z
81,3,3886.87,Rhybox,RU,2025-11-01T06:51:49Z
82,3,3491.0,Skivee,FR,2025-11-01T08:09:22Z
83,3,8482.49,Tazz,RU,2025-11-01T08:50:30Z
84,3,8184.32,Jabbercube,CZ,2025-11-01T09:12:20Z
85,3,8010.98,Divavu,KZ,2025-11-01T10:32:24Z
86,3,8869.08,Kazu,KZ,2025-11-01T11:42:59Z
87,3,9999.99,Eidel,RU,2025-11-01T12:58:17Z
88,3,9999.99,Gigaclub,US,2025-11-01T14:11:13Z
89,4,909.41,Oyoyo,ID,2025-11-02T01:24:11Z
90,4,1179.97,Pixope,NO,2025-11-02T02:38:23Z
91,4,9999.99,Fanoodle,TH,2025-11-02T04:07:27Z
92,4,1034.48,Oyoyo,PH,2025-11-02T04:43:45Z
93,4,7463.21,Mycat,VE,2025-11-02T04:48:15Z
94,4,3978.7,Edgeify,ZA,2025-11-02T06:03:35Z
95,13,2703.01,Gigaclub,PL,2025-11-07T02:21:10Z
96,13,8664.52,Voonder,SY,2025-11-07T02:59:07Z
97,13,9489.58,Brightdog,KR,2025-11-07T03:39:42Z
98,13,2558.5,Roombo,ID,2025-11-07T03:48:39Z
99,13,368.43,Wikizz,ID,2025-11-07T04:21:04Z
100,13,9999.99,Zoomcast,TH,2025-11-07T04:24:01Z
101,14,5298.36,Quinu,BR,2025-11-12T00:10:40Z
102,14,7104.14,Cogibox,BR,2025-11-12T01:22:01Z
103,14,840.48,Yakidoo,BR,2025-11-12T02:05:50Z
104,14,9999.99,Skajo,NO,2025-11-12T03:08:13Z
105,14,637.32,Ntags,DE,2025-11-12T04:23:03Z
106,14,9999.99,Divape,UA,2025-11-12T05:29:17Z
107,14,37.81,Snaptags,BR,2025-11-12T06:20:49Z
108,14,9999.99,Gabvine,GR,2025-11-12T06:25:33Z
109,14,4883.95,Plajo,GR,2025-11-12T07:39:00Z
110,14,1040.68,Aivee,IN,2025-11-12T08:26:39Z
111,14,1403.6,Zoomcast,CA,2025-11-12T09:44:21Z
112,17,625.07,Brightbean,BR,2025-11-12T15:20:13Z
113,18,6170.77,Edgeify,PL,2025-11-14T12:46:05Z
114,7,5,Flipstorm,CA,2025-11-15T18:34:14Z
115,6,135.99,Fanoodle,UA,2025-11-16T00:32:29Z
116,6,1367.12,Leenti,FI,2025-11-16T01:04:42Z
117,6,223.88,Blogspan,UA,2025-11-16T01:40:03Z
118,6,9713.33,Tagopia,PK,2025-11-16T02:30:20Z
119,6,8355.75,Tazz,UA,2025-11-16T02:56:13Z
120,6,9999.99,Vipe,KZ,2025-11-16T03:04:18Z
121,6,9954.32,Linktype,UA,2025-11-16T04:33:17Z
122,6,3036.57,Yakidoo,NG,2025-11-16T05:22:31Z
123,6,5053.68,Linkbuzz,GR,2025-11-16T06:40:23Z
124,6,334.46,Tanoodle,PE,2025-11-16T08:10:12Z
125,5,285.9,Kimia,CN,2025-11-18T10:10:02Z
126,3,5861.36,Quamba,FI,2025-11-19T16:16:23Z
127,16,7847.19,Mycat,GB,2025-11-20T15:24:28Z
128,11,228.5,Thoughtstorm,HR,2025-11-22T02:16:44Z
129,11,891.1,Gigaclub,CZ,2025-11-22T03:05:25Z
130,11,1193.3,Janyx,ID,2025-11-22T04:03:22Z
131,11,1518.83,Dynazzy,PK,2025-11-22T04:21:56Z
132,11,903.62,Skajo,IN,2025-11-22T05:49:34Z
133,11,626.96,Aivee,CO,2025-11-22T07:05:41Z
134,11,245.98,Oyoyo,CO,2025-11-22T08:07:49Z
135,11,1619.27,Tazz,JP,2025-11-22T09:05:53Z
136,11,2150.79,Twitterwire,RU,2025-11-22T09:14:47Z
137,11,564.33,Realblab,RU,2025-11-22T10:02:11Z
138,11,2592.86,JumpXS,JP,2025-11-22T10:30:56Z
139,11,2816.07,Tazz,KZ,2025-11-22T10:33:31Z
140,2,4281.46,Cogibox,MY,2025-11-23T01:29:46Z
141,2,9999.99,Gevee,BG,2025-11-23T01:55:34Z
142,2,2953.32,Avamba,RU,2025-11-23T02:54:56Z
143,2,3968.99,Gevee,IR,2025-11-23T03:21:50Z
144,2,1009.28,Jamia,SE,2025-11-23T04:36:49Z
145,2,9999.99,Snaptags,SE,2025-11-23T05:48:58Z
146,2,839.4,Tekfly,TR,2025-11-23T06:45:58Z
147,2,9999.99,Mycat,BG,2025-11-23T07:47:20Z
148,2,856.2,Quinu,RU,2025-11-23T07:51:40Z
149,12,5,Thoughtstorm,PT,2025-11-23T18:02:15Z
150,15,5775.75,Quinu,TH,2025-11-25T14:59:05Z
151,4,290.08,Zoomcast,TH,2025-11-27T10:31:31Z
152,4,8190.17,JumpXS,IT,2025-11-27T11:29:21Z
153,4,9999.99,Quinu,UA,2025-11-27T12:34:29Z
154,4,9999.99,Skyvu,PL,2025-11-27T13:59:36Z
155,4,328.54,Ntags,TH,2025-11-27T14:47:52Z
156,4,9999.99,Cogibox,GR,2025-11-27T16:14:41Z
157,4,206.71,Jayo,PL,2025-11-27T16:54:47Z
158,4,9835.21,Feedbug,TH,2025-11-27T18:00:40Z
159,4,685.02,Vinte,CA,2025-11-27T19:04:44Z
160,4,207.29,Jamia,RU,2025-11-27T19:37:36Z
161,1,69.32,Blogspan,ZA,2025-11-28T11:34:28Z
162,10,8272.79,Feedfish,PL,2025-11-29T15:15:05Z
163,18,8411.82,Buzzbean,PL,2025-12-02T07:10:03Z
164,8,57.88,Tekfly,LK,2025-12-02T20:22:41Z
165,9,5,Quamba,JP,2025-12-02T20:44:47Z
166,9,1154.58,Izio,NL,2025-12-02T20:56:55Z
167,9,2066.74,Fanoodle,GR,2025-12-02T21:18:59Z
168,9,3174.67,Wikizz,CA,2025-12-02T22:29:16Z
169,9,4434.52,Nlounge,CA,2025-12-02T23:22:06Z
170,9,5706.81,Jabbercube,CA,2025-12-03T00:14:02Z
171,9,2533.67,Oyoloo,CA,2025-12-03T01:24:59Z
172,9,8167.57,Jamia,PH,2025-12-03T01:54:41Z
173,9,1979.53,Wikizz,PH,2025-12-03T02:54:59Z
174,9,962.88,Dynazzy,PH,2025-12-03T04:09:30Z
175,9,888.2,Dynazzy,PH,2025-12-03T05:35:18Z
176,9,6121.37,Quinu,HR,2025-12-03T06:15:00Z
177,9,1516.82,Blogspan,HR,2025-12-03T06:52:04Z
178,9,6188.51,Brightdog,PT,2025-12-03T06:53:53Z
179,20,5,Tekfly,SY,2025-12-03T14:37:29Z
180,16,2103.58,Linklinks,VN,2025-12-03T20:03:35Z
181,19,100.14,Realblab,CZ,2025-12-07T07:28:57Z
182,15,1976.41,Divavu,GR,2025-12-10T03:38:04Z
183,15,8596.67,JumpXS,AR,2025-12-10T05:05:50Z
184,15,4991.59,Twitterwire,PL,2025-12-10T06:13:20Z
185,15,7706.6,Tekfly,PL,2025-12-10T06:17:05Z
186,15,3082.67,Kazu,MX,2025-12-10T06:26:35Z
187,15,8267.41,Topiczoom,MX,2025-12-10T07:10:40Z
188,15,186.18,Babblestorm,MX,2025-12-10T07:30:18Z
189,15,6643.69,Yoveo,HR,2025-12-10T08:53:13Z
190,17,1849.11,Gevee,EG,2025-12-10T20:07:35Z
191,6,243.91,Pixope,PH,2025-12-11T03:37:08Z
192,6,9999.99,Quimba,UA,2025-12-11T04:18:33Z
193,6,9999.99,Yodoo,BR,2025-12-11T04:44:07Z
194,6,3420.5,Eidel,SY,2025-12-11T05:30:07Z
195,6,59.68,Flipstorm,MA,2025-12-11T05:47:15Z
196,6,9999.99,Gabvine,UA,2025-12-11T05:55:41Z
197,6,6067.8,Eidel,PE,2025-12-11T06:32:08Z
198,6,194.07,Wikizz,GR,2025-12-11T08:01:46Z
199,6,9902.6,Meezzy,CU,2025-12-11T08:56:50Z
200,6,260.79,Quinu,CU,2025-12-11T09:06:04Z
201,6,188.78,Brightbean,CU,2025-12-11T09:07:35Z
202,6,9999.99,Voonder,AU,2025-12-11T09:11:58Z
203,5,641.47,Roombo,CN,2025-12-13T22:10:07Z
204,10,411.17,Yakidoo,PL,2025-12-14T12:03:06Z
205,20,1535.73,Kazu,SY,2025-12-18T10:55:45Z
206,1,155.24,Kazu,KR,2025-12-19T10:44:22Z
207,17,5412.94,Nlounge,GB,2025-12-21T19:47:02Z
208,3,479.84,Quamba,RU,2025-12-24T03:00:04Z
209,3,1161.21,Tazz,ZA,2025-12-24T03:51:34Z
210,3,1794.64,Flipstorm,MA,2025-12-24T04:55:00Z
211,3,566.32,Jabbercube,RU,2025-12-24T05:17:57Z
212,3,9448.87,Yoveo,YE,2025-12-24T05:27:24Z
213,3,78.87,Youtags,YE,2025-12-24T06:22:28Z
214,3,5607.13,Thoughtstorm,RU,2025-12-24T06:25:05Z
215,3,9821.1,Dynazzy,MA,2025-12-24T07:39:35Z
216,3,361.29,Mycat,MA,2025-12-24T08:51:39Z
217,3,8015.96,JumpXS,ZA,2025-12-24T08:59:40Z
218,3,242.14,Blogspan,ZA,2025-12-24T10:23:15Z
219,3,7288.2,Flipstorm,IN,2025-12-24T11:49:47Z
220,3,9999.99,Cogibox,RU,2025-12-24T12:55:21Z
221,3,9009.37,Feedfish,CO,2025-12-24T13:24:59Z
222,19,1143.22,Shufflester,IE,2025-12-27T13:26:26Z
223,7,5,Jayo,CA,2025-12-27T17:10:02Z
224,7,206.42,Rhybox,YE,2025-12-27T17:14:42Z
225,7,9328.66,Tanoodle,IE,2025-12-27T17:58:31Z
226,7,7447.37,Kazu,CU,2025-12-27T18:16:49Z
227,7,9999.99,Linkbuzz,AU,2025-12-27T19:13:16Z
228,7,960.18,Avamba,ZA,2025-12-27T20:00:04Z
229,7,9856.34,Talane,BR,2025-12-27T21:10:52Z
230,7,1006.83,Voonder,CA,2025-12-27T21:48:30Z
231,7,9950.63,Skinte,VE,2025-12-27T22:05:23Z
232,7,1006.71,Tanoodle,CN,2025-12-27T23:23:15Z
233,7,112.6,Shufflester,CA,2025-12-28T00:31:11Z
234,7,1091.94,Wikivu,NL,2025-12-28T01:52:33Z
235,7,295.35,Photobean,NL,2025-12-28T02:21:09Z
236,7,8569.68,Yoveo,CA,2025-12-28T03:07:43Z
237,7,9999.99,Skinte,ID,2025-12-28T03:25:23Z
238,12,927.35,Avamba,PT,2025-12-28T13:55:24Z
239,4,113.19,Babblestorm,RU,2025-12-28T19:00:24Z
240,4,7263.58,Vipe,NO,2025-12-28T19:30:10Z
241,4,9080.36,Tagtune,UA,2025-12-28T19:37:50Z
242,4,733.22,Mydeo,SE,2025-12-28T20:22:35Z
243,4,9776.75,Shufflester,MA,2025-12-28T21:48:46Z
244,4,4020.17,Meezzy,TH,2025-12-28T23:07:24Z
245,13,916.99,Yoveo,CA,2025-12-31T21:42:09Z
246,7,392.77,Oyoyo,CA,2026-01-02T09:33:31Z
247,18,582.96,Twimbo,NG,2026-01-06T16:06:27Z
248,14,4237.94,JumpXS,BY,2026-01-08T07:15:51Z
249,16,5,Voomm,CU,2026-01-08T15:01:22Z
250,16,13.66,Avamba,BR,2026-01-08T16:19:38Z
251,16,1443.7,Yodoo,GB,2026-01-08T16:49:08Z
252,16,18.57,Mydeo,GB,2026-01-08T17:53:51Z
253,16,1377.03,Linklinks,IR,2026-01-08T18:24:13Z
254,16,238.53,Tazz,GB,2026-01-08T18:28:55Z
255,16,1465.73,Yadel,VE,2026-01-08T19:42:21Z
256,16,795.14,Youtags,VE,2026-01-08T20:40:07Z
257,2,866.41,Youtags,CO,2026-01-08T21:10:22Z
258,10,143.8,Lazzy,MA,2026-01-09T02:17:04Z
259,10,843.9,Tekfly,MA,2026-01-09T02:33:33Z
260,10,1160.31,Kwideo,IE,2026-01-09T03:25:33Z
261,10,1339.68,Gabvine,GR,2026-01-09T04:39:14Z
262,10,2324.1,Skivee,CN,2026-01-09T05:57:15Z
263,10,134.68,Eidel,NG,2026-01-09T06:09:14Z
264,10,2132.52,Roombo,PL,2026-01-09T06:57:27Z
265,10,3109.86,Youtags,PL,2026-01-09T07:03:21Z
266,6,5,Oyoyo,AU,2026-01-11T15:00:38Z
267,6,85.72,Oyoyo,MX,2026-01-11T16:07:19Z
268,6,266.49,Jayo,VN,2026-01-11T17:07:18Z
269,6,453.41,JumpXS,ZA,2026-01-11T17:13:20Z
270,6,6961.82,Feedbug,UA,2026-01-11T18:23:04Z
271,6,3853.67,Topiczoom,TR,2026-01-11T18:49:36Z
272,6,288.51,Youtags,TR,2026-01-11T18:55:16Z
273,6,4044.4,Skajo,MY,2026-01-11T19:21:05Z
274,6,4669.04,Skynoodle,UA,2026-01-11T19:33:44Z
275,6,4927.13,Realblab,ID,2026-01-11T21:00:19Z
276,6,7212.21,Skyvu,UA,2026-01-11T21:43:25Z
277,6,6652.12,Meezzy,MY,2026-01-11T22:51:24Z
278,6,9122.79,Thoughtstorm,UA,2026-01-11T23:10:19Z
279,6,298.33,Jabbercube,UA,2026-01-12T00:15:52Z
280,6,8416.0,Talane,PE,2026-01-12T00:47:29Z
281,6,9999.99,Talane,SY,2026-01-12T01:01:38Z
282,17,2410.2,Gigaclub,ES,2026-01-13T17:31:16Z
283,13,2175.55,Divavu,CN,2026-01-14T12:01:06Z
284,11,749.13,JumpXS,JP,2026-01-17T03:55:31Z
285,11,1872.59,Divape,VN,2026-01-17T04:05:18Z
286,11,3257.92,Quinu,JP,2026-01-17T04:16:31Z
287,11,4458.36,Pixope,YE,2026-01-17T05:11:30Z
288,11,6262.54,Jayo,BR,2026-01-17T06:11:55Z
289,11,8088.99,Brightbean,DE,2026-01-17T06:42:27Z
290,11,8874.51,Vipe,IT,2026-01-17T07:26:21Z
291,11,9999.99,Skyvu,JP,2026-01-17T08:05:27Z
292,11,60.71,Photojam,ID,2026-01-17T09:18:55Z
293,11,9999.99,Oyoyo,JP,2026-01-17T10:48:06Z
294,11,140.83,Kimia,SY,2026-01-17T11:25:34Z
295,11,1733.59,Edgeify,SY,2026-01-17T11:59:18Z
296,11,448.46,Linkbuzz,SY,2026-01-17T12:22:57Z
297,11,9999.99,Mydeo,VE,2026-01-17T12:56:28Z
298,11,9999.99,Cogibox,VE,2026-01-17T13:06:55Z
299,8,5,Kimia,KR,2026-01-21T05:31:26Z
300,4,2468.96,Jatri,TH,2026-01-22T21:54:03Z
301,15,4718.57,Gabvine,SY,2026-01-25T02:48:11Z
302,15,9999.99,Tagopia,BY,2026-01-25T03:49:47Z
303,15,670.56,Divavu,BY,2026-01-25T04:45:25Z
304,15,1275.72,Quimba,PL,2026-01-25T06:14:12Z
305,15,8678.26,Divavu,US,2026-01-25T07:24:45Z
306,15,871.83,Kimia,UA,2026-01-25T08:12:51Z
307,15,9999.99,Edgeblab,PL,2026-01-25T08:45:56Z
308,15,105.27,Babblestorm,IN,2026-01-25T09:03:19Z
309,15,9999.99,Kazu,IE,2026-01-25T09:56:24Z
310,15,3051.28,Tazz,IT,2026-01-25T11:01:17Z
311,15,9914.72,Quamba,VE,2026-01-25T12:16:52Z
312,15,2433.68,Fanoodle,PL,2026-01-25T12:27:20Z
313,9,1766.87,Cogibox,KR,2026-01-26T00:03:59Z
314,9,4836.6,Aivee,IE,2026-01-26T01:19:27Z
315,9,7440.32,Brightdog,NL,2026-01-26T02:17:57Z
316,9,9935.59,Twitterwire,NL,2026-01-26T02:29:02Z
317,9,1712.09,Wikivu,JP,2026-01-26T02:55:52Z
318,1,211.31,Tanoodle,KR,2026-01-26T03:03:41Z
319,9,90.2,Gabvine,NG,2026-01-26T03:05:03Z
320,1,148.75,Edgeify,PT,2026-01-26T03:08:45Z
321,1,9334.76,Jayo,ID,2026-01-26T03:23:03Z
322,1,227.63,Skinte,ID,2026-01-26T04:28:07Z
323,9,1522.43,Youtags,NG,2026-01-26T04:34:32Z
324,1,5751.86,Oyoyo,TR,2026-01-26T05:08:19Z
325,1,8977.33,Blogspan,VN,2026-01-26T05:22:33Z
326,1,8887.84,Gevee,ID,2026-01-26T06:09:36Z
327,16,3720.23,Nlounge,VE,2026-01-30T03:23:12Z
328,16,9182.6,Skynoodle,GB,2026-01-30T03:27:42Z
329,16,5169.05,Yadel,PL,2026-01-30T03:55:23Z
330,16,5169.36,Feedbug,MA,2026-01-30T05:03:34Z
331,16,6864.93,Jabbercube,ES,2026-01-30T05:11:22Z
332,16,4510.14,Feedbug,ES,2026-01-30T06:12:46Z
333,6,8597.77,Tanoodle,SY,2026-02-02T20:45:32Z
334,20,5,Babblestorm,VN,2026-02-04T10:48:56Z
335,3,318.99,Linktype,CO,2026-02-06T12:51:03Z
336,3,8711.69,Talane,CO,2026-02-06T13:57:41Z
337,3,9999.99,Gevee,PK,2026-02-06T15:22:35Z
338,3,6705.94,Digitube,AU,2026-02-06T15:32:29Z
339,3,9187.54,Snaptags,RU,2026-02-06T16:49:51Z
340,3,9901.06,Roombo,ES,2026-02-06T17:51:02Z
341,3,425.47,Janyx,VN,2026-02-06T18:02:57Z
342,3,491.61,Demivee,BR,2026-02-06T19:07:40Z
343,18,816.96,Yadel,BR,2026-02-08T22:00:49Z
344,12,850.86,Talane,PT,2026-02-11T15:39:51Z
345,17,6290.31,JumpXS,ES,2026-02-12T03:24:16Z
346,17,9999.99,Linkbridge,BR,2026-02-12T04:29:24Z
347,17,1550.45,Babblestorm,VN,2026-02-12T05:56:39Z
348,17,1722.3,Wikizz,PK,2026-02-12T06:17:12Z
349,17,9999.99,Quamba,UA,2026-02-12T06:29:15Z
350,17,1144.12,Jamia,CO,2026-02-12T07:47:00Z
351,17,3399.34,Eidel,BR,2026-02-12T08:47:40Z
352,17,9999.99,Jabbercube,PT,2026-02-12T09:29:55Z
353,17,5032.5,Yakidoo,IT,2026-02-12T10:12:24Z
354,3,7876.39,Talane,BR,2026-02-12T17:08:15Z
355,1,9999.99,Digitube,KZ,2026-02-12T19:08:32Z
356,2,5837.25,Flipstorm,PH,2026-02-15T17:45:15Z
357,7,327.78,Flipstorm,CA,2026-02-17T12:55:46Z
358,15,61.34,Lazzy,PL,2026-02-17T16:13:35Z
359,10,5,Izio,KR,2026-02-21T00:41:05Z
360,10,1254.37,Kwideo,AR,2026-02-21T02:00:37Z
361,10,1864.93,Skinte,ZA,2026-02-21T02:12:30Z
362,10,2262.24,Voomm,ES,2026-02-21T03:24:46Z
363,10,3158.88,Voomm,HR,2026-02-21T04:19:28Z
364,10,628.96,Yoveo,CZ,2026-02-21T04:29:55Z
365,10,4266.6,Linkbridge,PL,2026-02-21T05:26:02Z
366,10,5764.03,Thoughtstorm,HR,2026-02-21T05:46:14Z
367,10,6923.43,Twitterwire,HR,2026-02-21T07:10:20Z
368,10,8788.42,Dynazzy,VN,2026-02-21T08:04:38Z
369,10,8167.61,Realblab,CU,2026-02-21T08:39:39Z
370,10,9999.99,Kimia,PL,2026-02-21T09:30:40Z
371,10,9999.99,Thoughtstorm,PH,2026-02-21T10:04:33Z
372,10,9999.99,JumpXS,PK,2026-02-21T11:17:14Z
373,10,9836.79,Jayo,PL,2026-02-21T12:16:53Z
374,5,486.34,Feedbug,CN,2026-02-22T19:12:09Z
375,13,196.28,Linkbridge,MX,2026-02-24T17:20:47Z
376,14,1763.02,Gevee,BR,2026-02-25T07:30:14Z
377,4,5,Tanoodle,UA,2026-02-25T13:46:52Z
378,9,5,Talane,NG,2026-03-02T17:58:38Z
379,6,5,Yakidoo,LK,2026-03-04T03:02:21Z
380,4,719.68,Realblab,UA,2026-03-05T18:15:48Z
381,4,1049.46,Ntags,ZA,2026-03-05T18:56:39Z
382,4,1271.31,Digitube,TH,2026-03-05T19:47:24Z
383,4,1919.42,Divape,ZA,2026-03-05T20:35:47Z
384,4,2420.01,Tagopia,FI,2026-03-05T21:44:48Z
385,4,7865.17,Snaptags,FI,2026-03-05T22:11:22Z
386,19,148.24,Tagopia,IE,2026-03-06T01:42:53Z
387,19,1326.51,Aivee,MX,2026-03-06T02:27:57Z
388,19,1583.36,Divape,GB,2026-03-06T03:05:53Z
389,19,2555.16,Lazzy,CZ,2026-03-06T03:29:40Z
390,19,3880.27,Tagopia,PL,2026-03-06T03:47:59Z
391,19,3922.31,Skivee,BR,2026-03-06T04:34:19Z
392,19,5333.01,Shufflester,BR,2026-03-06T06:02:16Z
393,19,5849.79,Kimia,BY,2026-03-06T07:10:34Z
394,19,8596.96,Zoomcast,CZ,2026-03-06T08:18:57Z
395,19,1563.2,Vipe,CZ,2026-03-06T09:32:46Z
396,19,9620.82,Realblab,JP,2026-03-06T10:32:18Z
397,19,701.02,Linktype,JP,2026-03-06T10:55:54Z
398,19,1062.87,Babblestorm,JP,2026-03-06T11:19:38Z
399,19,8242.89,Eidel,CZ,2026-03-06T12:31:43Z
400,19,9999.99,Buzzbean,GR,2026-03-06T13:36:20Z
401,15,3738.35,Mydeo,PL,2026-03-08T12:19:49Z
402,20,3183.39,Skajo,FR,2026-03-08T12:37:50Z
403,17,4904.23,Roombo,NL,2026-03-09T09:37:39Z
404,8,850.9,Tagtune,SY,2026-03-09T22:29:49Z
405,11,274.3,Rhybox,TR,2026-03-10T10:04:20Z
406,16,5,Gevee,GB,2026-03-15T05:52:32Z
407,13,177.73,Izio,NL,2026-03-16T03:15:01Z
408,13,500.6,Jayo,RU,2026-03-16T04:20:23Z
409,13,2925.19,Kimia,ES,2026-03-16T04:41:39Z
410,13,8421.33,Gabvine,PL,2026-03-16T05:26:26Z
411,13,6518.16,Gigaclub,YE,2026-03-16T06:10:58Z
412,13,53.69,Quimba,YE,2026-03-16T06:40:20Z
413,13,226.75,Izio,SY,2026-03-16T06:46:49Z
414,13,5473.52,Jatri,NO,2026-03-16T07:17:33Z
415,7,158.64,Voomm,PL,2026-03-20T17:56:27Z
416,1,161.16,Shufflester,DE,2026-03-23T17:48:26Z
417,1,1152.92,Gigaclub,ID,2026-03-23T17:57:08Z
418,1,1704.06,Snaptags,PT,2026-03-23T18:44:36Z
419,1,9061.42,Plajo,MX,2026-03-23T20:04:50Z
420,1,7245.4,Gabvine,NG,2026-03-23T21:09:02Z
421,1,8674.76,Kazu,ID,2026-03-23T21:42:36Z
422,1,327.57,Shufflester,ID,2026-03-23T23:08:29Z
423,1,9501.38,Brightdog,CZ,2026-03-24T00:18:40Z
424,1,9999.99,Gevee,CO,2026-03-24T01:24:51Z
425,1,1964.9,Skivee,PE,2026-03-24T02:00:00Z
426,1,414.4,Skinte,ID,2026-03-24T03:27:29Z
427,1,9999.99,Quimba,ID,2026-03-24T04:18:44Z
428,1,6076.28,Jabbercube,PL,2026-03-24T05:39:09Z
429,1,7147.44,Mydeo,RU,2026-03-24T06:49:26Z
430,1,7723.48,Janyx,RU,2026-03-24T07:30:13Z
431,1,325.92,Linklinks,VE,2026-03-24T07:50:13Z
432,18,728.74,Skinix,BR,2026-03-27T03:37:52Z
433,18,1135.27,Plajo,BR,2026-03-27T04:57:05Z
434,18,2664.24,Photobean,MX,2026-03-27T05:52:05Z
435,18,4057.41,Ntags,CA,2026-03-27T06:17:51Z
436,18,5428.58,Janyx,BR,2026-03-27T07:15:32Z
437,18,6850.1,Vinte,BR,2026-03-27T08:30:37Z
438,20,6866.16,Twimbo,PL,2026-03-29T10:56:11Z
439,20,1105.62,Mydeo,FR,2026-03-29T11:45:25Z
440,20,9999.99,Linklinks,KR,2026-03-29T13:09:59Z
441,20,1256.6,JumpXS,KR,2026-03-29T13:20:30Z
442,20,866.99,Tanoodle,SE,2026-03-29T14:33:08Z
443,20,8064.55,Yoveo,FR,2026-03-29T15:37:19Z
444,20,9842.79,Roombo,VE,2026-03-29T16:23:45Z
445,12,5,Tekfly,PT,2026-03-31T12:24:31Z
446,8,1745.22,Pixope,SY,2026-04-04T02:08:37Z
447,8,2785.71,Izio,FR,2026-04-04T03:09:51Z
448,8,5338.13,Jamia,FI,2026-04-04T04:16:25Z
449,8,5564.78,Photobean,FR,2026-04-04T05:09:06Z
450,8,8980.88,Snaptags,VN,2026-04-04T05:45:51Z
451,8,1189.87,Flipstorm,VN,2026-04-04T06:03:25Z
452,8,8481.91,Jatri,DE,2026-04-04T07:13:48Z
453,8,9999.99,Divavu,UA,2026-04-04T08:08:35Z
454,8,9429.56,Vinte,IN,2026-04-04T09:14:04Z
455,8,9336.89,Divavu,IN,2026-04-04T10:28:43Z
456,8,879.46,Digitube,KR,2026-04-04T11:51:12Z
457,8,5628.68,Skajo,KR,2026-04-04T12:28:44Z
458,8,1309.48,Zoomcast,LK,2026-04-04T13:42:01Z
459,8,1241.13,JumpXS,UA,2026-04-04T14:25:24Z
460,3,487.39,Wikivu,LK,2026-04-04T14:26:51Z
461,6,298.77,Tanoodle,LK,2026-04-05T12:32:30Z
462,19,9999.99,Vinte,AR,2026-04-06T00:12:21Z
463,19,9999.99,Thoughtstorm,EG,2026-04-06T01:12:17Z
464,19,9947.35,Gevee,CZ,2026-04-06T01:36:50Z
465,19,9865.74,Oyoloo,LK,2026-04-06T01:46:49Z
466,19,1232.17,Feedfish,MA,2026-04-06T03:03:43Z
467,19,5143.42,Snaptags,PL,2026-04-06T03:12:21Z
468,19,2948.44,Wikivu,SY,2026-04-06T03:15:31Z
469,19,7454.18,Skajo,CZ,2026-04-06T04:30:10Z
470,19,2684.53,Oyoyo,SE,2026-04-06T05:19:59Z
471,19,1667.54,Skivee,CZ,2026-04-06T06:23:26Z
472,19,2300.66,Plajo,CZ,2026-04-06T07:17:54Z
473,19,7074.58,Tazz,NO,2026-04-06T08:07:28Z
474,19,253.13,Ntags,ID,2026-04-06T08:55:51Z
475,19,1271.41,Divape,CZ,2026-04-06T10:24:08Z
476,19,5473.16,Snaptags,PT,2026-04-06T11:21:41Z
477,10,4880.92,Skivee,PL,2026-04-06T18:02:07Z
478,18,578.41,Voonder,BR,2026-04-14T08:41:28Z
479,17,8709.14,Divavu,BR,2026-04-15T02:16:18Z
480,17,4956.34,Linklinks,PH,2026-04-15T02:46:04Z
481,17,880.18,Tanoodle,JP,2026-04-15T03:55:59Z
482,17,9999.99,Zoomcast,CU,2026-04-15T04:02:07Z
483,17,560.14,Quimba,PK,2026-04-15T05:25:47Z
484,17,1396.11,Meezzy,PK,2026-04-15T06:29:07Z
485,5,178.19,Linkbuzz,TR,2026-04-16T22:59:29Z
486,4,229.43,Quimba,SY,2026-04-19T01:17:34Z
487,4,543.52,Yodoo,SY,2026-04-19T01:39:00Z
488,4,1065.04,Leenti,IT,2026-04-19T02:51:32Z
489,4,1274.02,Meezzy,BY,2026-04-19T02:53:20Z
490,4,1622.84,Quinu,KZ,2026-04-19T03:49:12Z
491,4,551.58,Meezzy,KZ,2026-04-19T04:21:07Z
492,4,1805.29,Voonder,ES,2026-04-19T04:56:20Z
493,4,2577.61,Kimia,NO,2026-04-19T05:23:18Z
494,4,374.24,Kazu,NO,2026-04-19T06:30:39Z
495,4,3343.24,Izio,NO,2026-04-19T07:21:52Z
496,4,3318.52,Wikizz,VN,2026-04-19T08:47:28Z
497,1,7263.07,Roombo,VE,2026-04-19T10:19:13Z
498,16,5,Yadel,GB,2026-04-21T19:00:03Z
499,7,5,Mycat,NL,2026-04-22T20:22:10Z
500,15,5,Yadel,PT,2026-04-24T09:28:30Z
501,15,56.58,Skinix,IT,2026-04-24T09:54:48Z
502,15,1109.44,Tazz,IT,2026-04-24T11:23:45Z
503,15,1840.12,Ntags,PL,2026-04-24T11:44:47Z
504,15,1892.12,Voonder,PH,2026-04-24T12:37:21Z
505,15,2009.88,Tazz,PL,2026-04-24T13:20:12Z
506,15,140.73,Roombo,PL,2026-04-24T13:48:39Z
507,15,2559.95,Pixope,CO,2026-04-24T14:08:40Z
508,15,3101.95,Feedbug,PL,2026-04-24T15:09:49Z
509,15,3727.01,Skivee,VE,2026-04-24T15:44:46Z
510,10,9649.13,Brightbean,PL,2026-04-26T03:10:52Z
511,10,1813.51,Aivee,NL,2026-04-26T03:33:58Z
512,10,4590.08,Quinu,RU,2026-04-26T03:48:19Z
513,10,391.5,Tanoodle,UA,2026-04-26T05:08:55Z
514,10,9999.99,Lazzy,PL,2026-04-26T05:26:35Z
515,10,2164.68,Janyx,NL,2026-04-26T06:09:33Z
516,10,1438.7,Jamia,PL,2026-04-26T07:16:07Z
517,10,9999.99,Leenti,CO,2026-04-26T07:45:16Z
518,10,7561.45,Linkbuzz,PL,2026-04-26T09:03:43Z
519,10,1369.69,Twitterwire,PL,2026-04-26T10:03:15Z
520,10,909.54,Snaptags,MX,2026-04-26T11:05:33Z
521,12,331.9,Fanoodle,PT,2026-04-26T18:31:20Z
522,12,12.62,Cogibox,PT,2026-04-26T19:50:48Z
523,12,1320.81,Shufflester,NG,2026-04-26T20:38:02Z
524,12,1086.15,Skyvu,ZA,2026-04-26T21:15:52Z
525,12,1116.03,Meezzy,AU,2026-04-26T21:59:30Z
526,12,376.74,Vinte,AU,2026-04-26T23:29:29Z
527,12,17.98,Wikivu,AU,2026-04-26T23:37:21Z
528,12,148.06,Rhybox,NG,2026-04-27T00:10:22Z
529,12,353.3,Quamba,NG,2026-04-27T01:18:05Z
530,12,9834.21,Kwideo,SY,2026-04-27T01:58:07Z
531,12,842.22,Avamba,SY,2026-04-27T02:29:34Z
532,12,2999.72,Zoomcast,PT,2026-04-27T03:05:35Z
533,12,2833.76,Rhybox,PT,2026-04-27T03:58:03Z
534,11,715.83,Divape,JP,2026-04-29T02:22:56Z
535,11,2053.41,Janyx,CO,2026-04-29T03:44:36Z
536,11,351.2,Mycat,CO,2026-04-29T04:04:36Z
537,11,2701.45,Voomm,HR,2026-04-29T05:16:13Z
538,11,6151.67,Skajo,FR,2026-04-29T05:38:58Z
539,11,5950.51,Linkbuzz,JP,2026-04-29T06:00:53Z
540,11,479.65,Divavu,JP,2026-04-29T06:33:40Z
541,11,7344.81,Tagopia,AU,2026-04-29T07:15:00Z
542,11,146.82,Skyvu,AU,2026-04-29T07:50:27Z
543,4,2317.56,Thoughtstorm,UA,2026-04-29T08:32:45Z
544,11,1234.75,Rhybox,MY,2026-04-29T08:52:04Z
545,11,17.89,Nlounge,MY,2026-04-29T10:07:26Z
546,17,9999.99,Yakidoo,PK,2026-04-29T16:14:44Z
547,17,6362.69,Vinte,MY,2026-04-29T16:30:50Z
548,17,2710.94,Dynazzy,MY,2026-04-29T16:45:10Z
549,17,1343.47,Avamba,IR,2026-04-29T17:38:47Z
550,17,2451.66,Quinu,IR,2026-04-29T18:56:16Z
551,17,9999.99,Vinte,CU,2026-04-29T19:14:06Z
552,15,4824.6,Snaptags,PL,2026-04-29T19:17:50Z
553,15,5529.79,Talane,PL,2026-04-29T20:33:39Z
554,17,9905.56,Feedbug,BR,2026-04-29T20:43:31Z
555,17,1062.26,Quinu,IR,2026-04-29T21:26:03Z
556,15,6058.04,Buzzbean,TR,2026-04-29T21:50:08Z
557,15,6174.51,Dynazzy,PL,2026-04-29T21:53:06Z
558,17,300.28,Jayo,KR,2026-04-29T21:57:52Z
559,15,6868.57,Jatri,VE,2026-04-29T22:28:32Z
560,15,263.73,Talane,VE,2026-04-29T22:56:19Z
561,17,9999.99,Voomm,IR,2026-04-29T23:14:09Z
562,15,2374.96,Brightbean,CN,2026-04-29T23:23:42Z
563,17,4009.68,Youtags,BR,2026-04-30T00:23:06Z
564,15,5812.47,Oyoyo,PT,2026-04-30T00:51:37Z
565,15,8275.22,Topiczoom,TR,2026-04-30T00:53:49Z
566,15,8404.92,Dynazzy,TR,2026-04-30T00:59:09Z
567,17,5112.52,Babblestorm,BR,2026-04-30T01:04:10Z
568,15,9999.99,Linktype,IT,2026-04-30T01:08:39Z
569,15,1176.82,Twimbo,PL,2026-04-30T01:38:26Z
570,19,2028.44,Quimba,FI,2026-04-30T09:59:38Z
571,6,516.97,Jamia,UA,2026-05-02T22:35:50Z
572,7,206.15,Tagtune,CA,2026-05-03T08:58:02Z
573,7,836.28,Shufflester,IN,2026-05-03T09:44:35Z
574,7,905.09,Quamba,CA,2026-05-03T10:23:30Z
575,7,1135.91,Skinte,PK,2026-05-03T11:51:18Z
576,7,1670.21,Nlounge,CN,2026-05-03T13:14:09Z
577,7,2053.08,Kazu,CN,2026-05-03T13:53:44Z
578,7,2428.92,Photobean,PE,2026-05-03T15:16:04Z
579,7,3494.37,Twimbo,CO,2026-05-03T15:26:14Z
580,7,105.27,Avamba,CO,2026-05-03T16:08:48Z
581,7,448.97,Gevee,PK,2026-05-03T16:42:50Z
582,7,3612.24,Zoomcast,CA,2026-05-03T17:41:14Z
583,7,3712.64,Skyvu,YE,2026-05-03T18:23:20Z
584,7,3750.76,Pixope,CA,2026-05-03T18:45:00Z
585,7,4829.64,Voonder,SY,2026-05-03T19:03:05Z
586,7,5001.4,Roombo,GB,2026-05-03T19:30:59Z
587,3,524.26,Brightbean,DE,2026-05-05T14:11:00Z
588,13,5,Brightdog,IE,2026-05-06T20:30:56Z
589,9,1667.73,Yadel,DE,2026-05-07T20:07:37Z
590,14,235.35,Brightbean,FI,2026-05-08T17:14:40Z
591,20,5,Wikizz,VE,2026-05-09T07:15:46Z
592,16,14.94,Quinu,GR,2026-05-14T01:45:33Z
593,16,2162.16,Jamia,YE,2026-05-14T02:36:50Z
594,16,6233.03,Babblestorm,VE,2026-05-14T03:57:22Z
595,16,2080.8,Buzzbean,FR,2026-05-14T04:01:19Z
596,16,5982.35,Leenti,FR,2026-05-14T04:39:17Z
597,16,7433.02,Izio,IE,2026-05-14T05:25:09Z
598,16,9999.99,Skivee,GB,2026-05-14T06:46:38Z
599,16,9999.99,Aivee,GB,2026-05-14T07:16:56Z
600,16,9847.62,Divavu,SY,2026-05-14T07:24:11Z
601,16,212.18,Janyx,BR,2026-05-14T08:21:24Z
602,16,9999.53,Jabbercube,ZA,2026-05-14T08:50:52Z
603,16,8025.67,Leenti,AU,2026-05-14T09:56:58Z
604,2,717.95,Yoveo,PT,2026-05-14T18:54:03Z
605,18,4936.16,Wikivu,BR,2026-05-21T02:47:59Z
606,18,732.94,Jabbercube,VE,2026-05-21T03:50:49Z
607,18,7369.37,Voomm,PK,2026-05-21T04:20:23Z
608,18,9659.74,Topiczoom,PK,2026-05-21T05:03:25Z
609,18,3595.28,Quinu,BR,2026-05-21T05:44:23Z
610,18,2246.74,Oyoyo,BR,2026-05-21T06:47:25Z
611,18,9738.03,Zoomcast,PT,2026-05-21T07:35:45Z
612,18,9212.6,JumpXS,CA,2026-05-21T07:56:08Z
613,18,1150.13,Photojam,GR,2026-05-21T09:01:24Z
614,18,6356.55,Mydeo,NG,2026-05-21T09:34:52Z
615,18,3532.42,Mycat,JP,2026-05-21T09:54:26Z
616,18,2247.43,Skinix,TH,2026-05-21T09:59:29Z
617,18,6601.78,Skinix,BR,2026-05-21T10:18:05Z
618,11,5460.47,Leenti,MY,2026-05-25T08:25:44Z
619,4,254.41,Babblestorm,PT,2026-05-25T14:42:58Z
620,4,3232.91,Shufflester,EG,2026-05-25T16:09:55Z
621,4,4619.87,Rhybox,FR,2026-05-25T17:29:08Z
622,4,6614.47,Topiczoom,FR,2026-05-25T17:56:55Z
623,4,9261.93,Yoveo,SY,2026-05-25T18:25:14Z
624,4,5915.57,Tanoodle,GB,2026-05-25T19:16:33Z
625,17,7021.9,Snaptags,PH,2026-05-27T14:08:50Z
626,12,379.32,Gevee,PT,2026-05-28T01:57:50Z
627,12,799.81,Brightdog,VE,2026-05-28T02:48:13Z
628,12,8135.21,Yakidoo,MA,2026-05-28T03:37:10Z
629,12,7815.53,Voonder,PT,2026-05-28T04:05:42Z
630,12,9999.99,Feedfish,SE,2026-05-28T05:20:55Z
631,12,1427.44,Aivee,PT,2026-05-28T06:27:13Z
632,12,9999.99,Edgeblab,TH,2026-05-28T07:39:49Z
633,12,672.99,Janyx,TH,2026-05-28T08:07:27Z
634,12,3725.82,Skyvu,LK,2026-05-28T08:17:27Z
635,12,9999.99,Jabbercube,CZ,2026-05-28T08:38:29Z
636,12,1611.05,Youtags,HR,2026-05-28T09:35:02Z
637,12,6593.07,Buzzbean,PT,2026-05-28T10:43:35Z
638,9,4122.12,Linklinks,DE,2026-05-28T14:46:01Z
639,14,2300.83,Voomm,IN,2026-05-28T17:46:47Z
640,14,2627.46,Nlounge,GR,2026-05-28T18:46:05Z
641,14,3917.45,Plajo,BR,2026-05-28T20:15:33Z
642,14,8358.19,Linklinks,BR,2026-05-28T20:25:50Z
643,14,8782.46,Yakidoo,IT,2026-05-28T21:01:42Z
644,14,9124.4,Avamba,DE,2026-05-28T21:02:46Z
645,14,1307.12,Quinu,DE,2026-05-28T22:17:13Z
646,14,9999.99,Avamba,CO,2026-05-28T22:26:25Z
647,14,1455.64,Kimia,CO,2026-05-28T23:41:41Z
648,14,60.83,Rhybox,CO,2026-05-28T23:45:43Z
649,14,9999.99,Avamba,BY,2026-05-29T01:08:36Z
650,14,1166.82,Edgeify,BR,2026-05-29T02:36:45Z
651,14,1114.71,Gigaclub,BR,2026-05-29T02:44:09Z
652,14,9999.99,Tanoodle,DE,2026-05-29T02:52:01Z
653,14,9999.99,Jamia,BY,2026-05-29T04:04:24Z
654,19,5424.89,Feedbug,CA,2026-05-29T16:34:32Z
655,15,581.74,Avamba,PL,2026-05-29T21:14:43Z
656,8,5,Skyvu,PK,2026-06-03T02:55:48Z
657,8,717.62,Cogibox,FR,2026-06-03T04:20:10Z
658,8,991.66,Kazu,TR,2026-06-03T05:31:50Z
659,8,1543.55,Gabvine,TR,2026-06-03T05:58:42Z
660,8,1992.01,Skivee,FR,2026-06-03T06:49:37Z
661,8,2175.8,JumpXS,US,2026-06-03T07:58:35Z
662,8,2569.28,Nlounge,FR,2026-06-03T08:37:31Z
663,8,1064.91,Brightdog,FR,2026-06-03T09:45:46Z
664,8,3356.48,Feedfish,SE,2026-06-03T11:00:13Z
665,10,5764.06,Gabvine,MX,2026-06-05T22:46:19Z
666,16,619.59,Skinte,GB,2026-06-10T09:44:33Z
667,16,2744.92,Topiczoom,GR,2026-06-10T10:59:43Z
668,16,1058.58,Twitterwire,KR,2026-06-10T12:00:12Z
669,16,6382.55,Gigaclub,GB,2026-06-10T12:55:18Z
670,16,724.88,Linkbuzz,IN,2026-06-10T13:38:58Z
671,16,4778.63,Eidel,IN,2026-06-10T14:39:45Z
672,16,1065.54,Jamia,IN,2026-06-10T15:49:55Z
673,13,5,Avamba,BR,2026-06-11T18:10:20Z
674,13,152.57,Skynoodle,IE,2026-06-11T19:04:05Z
675,13,191.0,Edgeblab,IE,2026-06-11T20:26:11Z
676,13,467.86,Blogspan,CO,2026-06-11T20:42:33Z
677,13,8864.95,Nlounge,UA,2026-06-11T21:05:29Z
678,13,4075.17,Oyoyo,VN,2026-06-11T21:49:57Z
679,13,5725.65,Jatri,SY,2026-06-11T22:50:05Z
680,13,7829.31,Jayo,JP,2026-06-11T23:12:31Z
681,13,1217.09,Wikizz,JP,2026-06-12T00:30:51Z
682,13,485.75,Pixope,JP,2026-06-12T01:30:36Z
683,13,7291.31,Mydeo,FI,2026-06-12T02:47:31Z
684,13,6992.61,Roombo,UA,2026-06-12T04:03:00Z
685,13,6820.29,Nlounge,UA,2026-06-12T04:23:52Z
686,13,8417.45,Jatri,UA,2026-06-12T05:26:18Z
687,13,661.61,Skinte,UA,2026-06-12T06:37:12Z
688,3,21.48,Izio,CN,2026-06-12T13:47:13Z
689,1,993.72,Divape,IR,2026-06-13T21:09:58Z
690,7,365.88,Skynoodle,GB,2026-06-15T18:20:43Z
691,20,842.71,Quamba,VE,2026-06-15T18:40:06Z
692,20,2444.69,JumpXS,PK,2026-06-15T18:53:44Z
693,7,394.27,Plajo,CA,2026-06-15T19:49:25Z
694,20,3636.53,Babblestorm,YE,2026-06-15T20:12:06Z
695,20,9919.52,Wikizz,BY,2026-06-15T20:19:19Z
696,7,835.41,Photojam,ZA,2026-06-15T20:58:15Z
697,20,9999.99,Brightbean,FR,2026-06-15T21:36:50Z
698,7,1112.61,Mydeo,AU,2026-06-15T21:40:55Z
699,20,1621.77,Wikizz,ID,2026-06-15T21:41:40Z
700,20,9813.63,Twimbo,NL,2026-06-15T22:00:16Z
701,7,182.89,Gabvine,CA,2026-06-15T22:30:58Z
702,20,1410.71,Gigaclub,NL,2026-06-15T22:36:18Z
703,7,1729.86,JumpXS,ZA,2026-06-15T22:53:31Z
704,20,7084.38,Quimba,AU,2026-06-16T00:01:30Z
705,20,553.8,Jatri,CA,2026-06-16T00:03:51Z
706,20,2257.28,Blogspan,FR,2026-06-16T00:47:23Z
707,20,915.07,Eidel,FR,2026-06-16T02:16:00Z
708,20,9999.99,Quinu,GR,2026-06-16T02:59:22Z
709,20,9999.99,Edgeify,GR,2026-06-16T03:12:56Z
710,18,19.84,Jayo,BR,2026-06-18T11:07:02Z
711,4,529.84,Youtags,FR,2026-06-20T21:57:03Z
712,2,5,Digitube,PT,2026-06-21T18:11:21Z
713,20,3356.13,Yakidoo,VN,2026-06-23T20:16:56Z
714,6,5,Flipstorm,UA,2026-06-24T09:15:48Z
715,6,230.45,Feedfish,VN,2026-06-24T09:27:52Z
716,6,6508.03,Pixope,BG,2026-06-24T10:44:00Z
717,6,5882.56,Jatri,UA,2026-06-24T10:59:21Z
718,6,8533.87,JumpXS,ES,2026-06-24T11:49:50Z
719,6,9999.99,Jatri,UA,2026-06-24T12:54:03Z
720,5,213.26,Skyvu,CN,2026-06-30T18:00:12Z
721,5,422.09,Linkbridge,CN,2026-06-30T18:38:51Z
722,5,779.02,Digitube,US,2026-06-30T19:47:17Z
723,5,979.16,Twitterwire,CN,2026-06-30T20:05:03Z
724,5,809.42,Pixope,RU,2026-06-30T20:23:27Z
725,5,1883.21,Linkbuzz,BY,2026-06-30T20:32:17Z
726,5,2457.78,Quimba,IE,2026-06-30T21:08:31Z
727,5,2868.1,Linkbuzz,FR,2026-06-30T22:30:58Z
728,5,6453.48,Twitterwire,CN,2026-06-30T22:39:01Z
729,5,4527.45,Pixope,NG,2026-06-30T23:24:00Z
730,5,6074.4,Buzzbean,SY,2026-06-30T23:58:20Z
731,5,1674.91,Shufflester,VE,2026-07-01T00:55:55Z
732,5,3914.73,Digitube,TR,2026-07-01T01:28:49Z
733,13,9999.99,Voomm,ES,2026-07-01T01:41:07Z
734,5,5508.31,Leenti,CN,2026-07-01T02:00:40Z
735,5,7053.92,Tagtune,US,2026-07-01T02:03:03Z
736,13,9999.99,Jatri,YE,2026-07-01T02:24:00Z
737,13,9926.28,Blogspan,YE,2026-07-01T03:27:38Z
738,13,9930.51,Snaptags,VN,2026-07-01T03:52:26Z
739,13,989.13,Cogibox,ES,2026-07-01T04:48:30Z
740,13,6668.85,Blogspan,PL,2026-07-01T04:58:00Z
741,13,1089.87,Linkbridge,EG,2026-07-01T05:38:11Z
742,15,5,Plajo,GB,2026-07-02T03:37:33Z
743,15,40.44,Mycat,PK,2026-07-02T04:05:39Z
744,15,4268.64,JumpXS,PL,2026-07-02T04:19:38Z
745,15,4427.26,Brightdog,EG,2026-07-02T04:43:33Z
746,15,7939.3,Wikizz,TR,2026-07-02T05:03:24Z
747,15,9639.0,Feedbug,FR,2026-07-02T05:57:22Z
748,11,2180.31,JumpXS,BY,2026-07-06T15:05:27Z
749,16,1686.52,Linktype,US,2026-07-06T16:30:51Z
750,17,817.57,Kazu,BR,2026-07-06T18:09:16Z
751,17,2299.92,Fanoodle,BY,2026-07-06T18:59:37Z
752,17,6685.25,Gabvine,BR,2026-07-06T19:08:56Z
753,17,1264.63,Tagopia,GB,2026-07-06T19:19:24Z
754,17,6374.81,Twitterwire,BG,2026-07-06T19:34:37Z
755,17,8727.27,Voomm,SE,2026-07-06T21:03:56Z
756,17,9999.99,Lazzy,AR,2026-07-06T21:29:58Z
757,17,3043.62,Fanoodle,IT,2026-07-06T21:42:49Z
758,17,1729.51,Aivee,IT,2026-07-06T22:00:33Z
759,17,1696.6,Feedfish,IT,2026-07-06T23:28:07Z
760,17,9999.99,Vipe,US,2026-07-07T00:47:41Z
761,17,9999.99,Realblab,GB,2026-07-07T01:40:45Z
762,17,7434.03,Tagtune,CO,2026-07-07T02:33:43Z
763,17,413.97,Linkbridge,CZ,2026-07-07T03:47:39Z
764,1,227.86,Twitterwire,IR,2026-07-10T12:03:08Z
765,17,9834.75,Skivee,ID,2026-07-10T17:09:12Z
766,17,8100.37,Avamba,NL,2026-07-10T18:35:16Z
767,17,6521.01,Kazu,IE,2026-07-10T19:17:58Z
768,17,765.45,Gigaclub,RU,2026-07-10T20:26:58Z
769,17,509.06,Eidel,BG,2026-07-10T20:54:48Z
770,17,593.82,Twimbo,ZA,2026-07-10T21:45:06Z
771,17,9999.99,Brightbean,CO,2026-07-10T22:14:36Z
772,17,5978.28,Tagopia,RU,2026-07-10T23:19:00Z
773,12,523.46,Lazzy,PT,2026-07-12T15:46:43Z
774,3,5,Avamba,CN,2026-07-13T20:10:03Z
775,10,5,Jayo,MX,2026-07-14T20:12:11Z
776,10,1563.06,Realblab,DE,2026-07-14T21:11:09Z
777,10,2056.8,Lazzy,AR,2026-07-14T21:23:45Z
778,10,1100.03,Edgeblab,FI,2026-07-14T21:59:53Z
779,10,3540.71,Kimia,CN,2026-07-14T22:43:23Z
780,10,1511.02,Jabbercube,CN,2026-07-14T23:00:26Z
781,19,984.5,Vinte,CZ,2026-07-16T03:03:02Z
782,19,2061.18,Yakidoo,NG,2026-07-16T04:23:29Z
783,19,3269.43,Kazu,IT,2026-07-16T04:41:42Z
784,19,5593.5,Photobean,CZ,2026-07-16T05:46:49Z
785,19,8076.3,Skajo,CO,2026-07-16T07:02:45Z
786,19,9999.99,Feedbug,GB,2026-07-16T07:20:33Z
787,19,9999.92,Brightbean,CZ,2026-07-16T08:05:42Z
788,19,2200.44,Leenti,CN,2026-07-16T08:44:29Z
789,19,156.06,Skynoodle,CZ,2026-07-16T09:17:53Z
790,19,9999.99,Yadel,BG,2026-07-16T10:27:18Z
791,19,97.0,Gabvine,CZ,2026-07-16T11:25:37Z
792,19,9999.99,Wikivu,IE,2026-07-16T12:02:05Z
793,19,972.68,Wikivu,GR,2026-07-16T13:03:01Z
794,19,8297.3,Twitterwire,GR,2026-07-16T13:16:50Z
795,19,1416.26,Voonder,CZ,2026-07-16T14:43:41Z
796,19,9999.99,Avamba,IR,2026-07-16T15:21:24Z
797,6,9869.21,Photobean,IT,2026-07-16T16:05:29Z
798,4,882.69,JumpXS,FR,2026-07-17T13:33:55Z
799,9,5,Wikivu,DE,2026-07-19T01:43:56Z
800,9,48.95,Yoveo,PE,2026-07-19T02:17:41Z
801,9,175.9,Quinu,IR,2026-07-19T02:22:28Z
802,9,2220.56,Tazz,PK,2026-07-19T03:29:02Z
803,9,1486.2,Yodoo,JP,2026-07-19T03:30:53Z
804,9,1613.06,Yoveo,JP,2026-07-19T04:09:17Z
805,9,582.13,Roombo,JP,2026-07-19T04:55:40Z
806,9,2813.02,Linklinks,LK,2026-07-19T05:48:00Z
807,9,2869.53,Brightdog,KR,2026-07-19T05:58:13Z
808,9,3730.37,Yodoo,JP,2026-07-19T07:16:31Z
809,9,3395.35,Yodoo,LK,2026-07-19T07:48:14Z
810,9,5077.68,Dynazzy,KZ,2026-07-19T08:20:28Z
811,8,3533.04,Oyoyo,YE,2026-07-19T08:28:59Z
812,9,1468.51,Voomm,JP,2026-07-19T08:32:35Z
813,9,3996.55,Vipe,AR,2026-07-19T08:36:58Z
814,9,240.67,Digitube,AR,2026-07-19T09:08:26Z
815,9,5680.82,Skajo,ID,2026-07-19T09:26:29Z
816,7,378.3,Vipe,VE,2026-07-19T22:09:38Z
817,10,962.75,Twimbo,PL,2026-07-22T11:44:56Z
818,18,744.79,Realblab,BR,2026-07-23T00:20:45Z
819,18,2227.75,Jabbercube,AR,2026-07-23T00:30:47Z
820,18,8634.14,Linklinks,NG,2026-07-23T00:55:09Z
821,18,8955.49,Izio,BR,2026-07-23T01:45:31Z
822,18,6752.94,Fanoodle,JP,2026-07-23T03:01:40Z
823,18,867.85,Shufflester,IR,2026-07-23T03:07:15Z
824,1,337.12,Zoomcast,IR,2026-07-23T18:00:41Z
825,1,783.02,Zoomcast,ID,2026-07-23T18:08:06Z
826,1,1325.16,Lazzy,TR,2026-07-23T19:37:19Z
827,1,2008.61,Jamia,ID,2026-07-23T19:49:57Z
828,1,217.35,Digitube,ID,2026-07-23T20:40:14Z
829,1,2450.09,Skivee,BY,2026-07-23T21:18:52Z
830,1,2444.23,Skinix,BY,2026-07-23T22:08:15Z
831,1,3292.74,Skyvu,AU,2026-07-23T22:12:35Z
832,1,3502.11,Leenti,NG,2026-07-23T22:41:47Z
833,1,4037.59,Wikivu,YE,2026-07-23T23:15:32Z
834,1,4204.57,Yakidoo,YE,2026-07-24T00:10:02Z
835,1,4583.33,Linklinks,YE,2026-07-24T01:33:09Z
836,13,1221.82,Thoughtstorm,FI,2026-07-24T21:23:57Z
837,18,515.11,Skyvu,JP,2026-07-27T20:40:44Z
838,18,9999.99,Roombo,BG,2026-07-27T21:02:40Z
839,18,1699.87,Voomm,BG,2026-07-27T21:37:41Z
840,18,9999.99,Skinix,IE,2026-07-27T21:51:14Z
841,18,101.74,Mycat,BR,2026-07-27T22:02:34Z
842,18,513.73,Photojam,BR,2026-07-27T22:06:11Z
843,18,9999.99,Avamba,SY,2026-07-27T22:34:02Z
844,16,2071.86,Digitube,MX,2026-08-01T10:21:50Z
845,15,5,Shufflester,PL,2026-08-04T10:46:13Z
846,7,242.19,Dynazzy,MX,2026-08-06T02:56:45Z
847,7,6374.01,Leenti,PL,2026-08-06T03:06:59Z
848,7,4731.75,Yakidoo,CA,2026-08-06T03:19:41Z
849,7,8255.64,Photobean,BY,2026-08-06T03:58:32Z
850,7,8689.14,Twimbo,KR,2026-08-06T05:00:26Z
851,7,9999.99,Aivee,CA,2026-08-06T05:36:26Z
852,7,590.7,Nlounge,FI,2026-08-06T06:37:22Z
853,7,438.74,Tanoodle,CA,2026-08-06T07:48:02Z
854,6,3661.74,Cogibox,IT,2026-08-06T09:05:29Z
855,3,775.5,Twimbo,TR,2026-08-12T19:44:46Z
856,3,1153.46,Izio,CZ,2026-08-12T20:37:32Z
857,3,1781.82,Skajo,RU,2026-08-12T20:43:14Z
858,3,2665.53,Quinu,KZ,2026-08-12T22:01:34Z
859,3,2871.41,Skyvu,SY,2026-08-12T22:25:41Z
860,3,4435.67,Jabbercube,PL,2026-08-12T23:35:46Z
861,3,5696.45,Edgeblab,NL,2026-08-13T00:28:33Z
862,3,6064.14,Divape,TH,2026-08-13T01:56:03Z
863,3,983.25,Leenti,TH,2026-08-13T03:20:02Z
864,3,5897.12,Brightbean,BG,2026-08-13T03:39:03Z
865,3,8360.73,Twitterwire,ES,2026-08-13T03:41:20Z
866,3,9999.99,Wikivu,RU,2026-08-13T04:35:50Z
867,3,9999.99,Twitterwire,AR,2026-08-13T04:42:39Z
868,3,9999.99,Buzzbean,RU,2026-08-13T05:37:39Z
869,4,2589.91,Meezzy,VE,2026-08-13T07:22:33Z
870,20,990.69,Izio,CZ,2026-08-16T01:51:28Z
871,20,2621.2,Skyvu,FR,2026-08-16T03:08:51Z
872,20,3755.6,Fanoodle,PE,2026-08-16T04:26:29Z
873,20,6709.19,Fanoodle,PE,2026-08-16T05:40:39Z
874,20,8129.53,Blogspan,FR,2026-08-16T07:01:40Z
875,20,9444.41,Photojam,IN,2026-08-16T07:49:01Z
876,20,1361.95,Gabvine,CZ,2026-08-16T08:42:57Z
877,20,1104.44,Jabbercube,PE,2026-08-16T09:14:33Z
878,20,8826.59,Snaptags,CO,2026-08-16T10:01:04Z
879,20,9853.47,Aivee,IN,2026-08-16T10:19:46Z
880,20,3376.45,Feedfish,AU,2026-08-16T11:18:10Z
881,20,3345.11,Ntags,FR,2026-08-16T12:31:20Z
882,20,1473.42,Janyx,FR,2026-08-16T12:54:26Z
883,20,9999.99,Fanoodle,IR,2026-08-16T14:13:27Z
884,20,633.94,Skyvu,KR,2026-08-16T14:14:55Z
885,5,421.81,Wikivu,FR,2026-08-22T15:09:50Z
886,5,876.11,Meezzy,UA,2026-08-22T15:16:14Z
887,5,1502.09,Thoughtstorm,CN,2026-08-22T16:29:09Z
888,5,1896.29,Voomm,CN,2026-08-22T17:47:59Z
889,5,3488.57,Zoomcast,AU,2026-08-22T18:02:56Z
890,5,3632.01,Voonder,NO,2026-08-22T18:59:50Z
891,5,8024.69,Kazu,YE,2026-08-22T19:20:56Z
892,5,6260.13,Jabbercube,FR,2026-08-22T19:46:02Z
893,5,9598.41,JumpXS,SE,2026-08-22T20:50:10Z
894,5,497.01,Linklinks,SE,2026-08-22T22:14:45Z
895,5,8467.98,Quinu,AU,2026-08-22T22:38:41Z
896,5,9999.99,Vipe,PL,2026-08-22T23:09:24Z
897,11,5,Quinu,BY,2026-08-23T15:21:46Z
898,17,500.85,Linklinks,MY,2026-08-26T10:16:58Z
899,12,5,Rhybox,PT,2026-08-29T00:49:20Z
900,12,142.57,Buzzbean,MY,2026-08-29T02:11:06Z
901,12,3187.35,Wikivu,MY,2026-08-29T02:42:52Z
902,12,2695.53,Mydeo,SY,2026-08-29T02:51:26Z
903,12,4087.74,Jayo,PT,2026-08-29T03:13:52Z
904,20,595.11,Tekfly,KR,2026-08-29T03:34:21Z
905,12,5438.63,Skyvu,IT,2026-08-29T03:39:09Z
906,12,169.83,Fanoodle,IT,2026-08-29T03:45:15Z
907,12,5940.2,Brightdog,LK,2026-08-29T03:52:52Z
908,20,9999.99,Dynazzy,DE,2026-08-29T04:58:58Z
909,12,7437.29,Cogibox,ES,2026-08-29T05:12:49Z
910,12,8691.22,Aivee,VN,2026-08-29T05:39:10Z
911,20,9777.77,Meezzy,VE,2026-08-29T06:14:03Z
912,12,8189.95,Oyoyo,KZ,2026-08-29T06:37:55Z
913,20,1963.34,Linktype,TR,2026-08-29T07:35:29Z
914,20,9933.31,Demivee,IR,2026-08-29T07:39:18Z
915,20,661.53,Buzzbean,KR,2026-08-29T07:49:24Z
916,12,9999.99,Edgeblab,IR,2026-08-29T08:03:02Z
917,20,2067.57,Tekfly,PL,2026-08-29T08:14:02Z
918,20,9999.99,Feedbug,FR,2026-08-29T09:04:56Z
919,20,2171.24,Topiczoom,US,2026-08-29T09:06:43Z
920,12,979.17,Digitube,IR,2026-08-29T09:11:34Z
921,20,9974.52,Yodoo,AR,2026-08-29T09:39:57Z
922,12,240.3,Wikivu,IR,2026-08-29T10:15:29Z
923,20,1149.6,Skajo,IR,2026-08-29T10:20:24Z
924,20,38.44,Thoughtstorm,FR,2026-08-29T10:44:36Z
925,12,1157.65,Kimia,IR,2026-08-29T11:10:57Z
926,20,2100.84,Divape,FR,2026-08-29T11:47:44Z
927,12,9999.99,Quamba,PT,2026-08-29T12:39:54Z
928,12,9999.99,Gevee,FR,2026-08-29T12:41:54Z
929,12,9999.99,Linklinks,AU,2026-08-29T13:18:40Z
930,7,4735.17,Voomm,CA,2026-09-01T10:29:05Z
931,7,9830.24,Jamia,BY,2026-09-01T11:20:54Z
932,7,9493.41,Yadel,JP,2026-09-01T12:45:28Z
933,7,158.72,Jatri,CA,2026-09-01T13:59:32Z
934,7,1410.73,Tazz,HR,2026-09-01T14:20:58Z
935,7,649.85,Vinte,CA,2026-09-01T15:44:59Z
936,7,9999.99,Youtags,PL,2026-09-01T16:16:29Z
937,15,13.47,Eidel,NG,2026-09-02T08:25:39Z
938,14,1144.84,Tagopia,PH,2026-09-04T11:33:09Z
939,8,7992.45,Skivee,YE,2026-09-05T22:38:55Z
940,16,50.17,JumpXS,MX,2026-09-07T00:21:16Z
941,16,2040.18,Thoughtstorm,CO,2026-09-07T01:34:28Z
942,16,5822.39,Digitube,IE,2026-09-07T02:03:30Z
943,16,233.68,Fanoodle,NO,2026-09-07T02:58:12Z
944,16,4687.19,Blogspan,GB,2026-09-07T03:48:22Z
945,16,7296.89,Voonder,ZA,2026-09-07T04:32:27Z
946,6,5,Vipe,CU,2026-09-07T10:02:13Z
947,9,5,Feedbug,JP,2026-09-07T10:51:53Z
948,1,126.5,Yadel,YE,2026-09-09T14:24:33Z
949,1,8416.18,Janyx,MA,2026-09-09T14:33:32Z
950,19,5,Kwideo,IR,2026-09-09T15:22:06Z
951,1,9875.7,Mydeo,SE,2026-09-09T15:29:58Z
952,1,5739.12,Wikizz,PH,2026-09-09T15:44:34Z
953,1,212.33,Tagopia,ZA,2026-09-09T16:23:45Z
954,1,9999.99,Tekfly,ID,2026-09-09T17:24:25Z
955,1,300.5,Photobean,ID,2026-09-09T17:47:25Z
956,1,195.15,Pixope,NL,2026-09-09T18:48:25Z
957,1,9999.99,Meezzy,TR,2026-09-09T19:54:57Z
958,1,256.01,Dynazzy,TR,2026-09-09T20:20:22Z
959,1,3485.78,Lazzy,ID,2026-09-09T21:19:10Z
960,1,110.45,Dynazzy,ID,2026-09-09T21:38:47Z
961,1,8739.96,Jayo,SE,2026-09-09T21:45:11Z
962,1,9999.99,Jabbercube,MX,2026-09-09T22:21:42Z
963,1,293.87,Shufflester,MX,2026-09-09T23:02:03Z
964,1,9999.99,Yakidoo,SY,2026-09-10T00:05:38Z
965,2,67.15,Shufflester,IE,2026-09-10T18:43:49Z
966,2,725.78,Yakidoo,HR,2026-09-10T18:50:33Z
967,2,606.78,Yakidoo,HR,2026-09-10T20:12:28Z
968,2,1689.18,Brightbean,KR,2026-09-10T21:13:26Z
969,2,387.48,Eidel,PK,2026-09-10T22:00:18Z
970,2,1827.36,Twitterwire,RU,2026-09-10T22:17:19Z
971,2,1838.05,Photobean,FI,2026-09-10T23:08:01Z
972,2,2191.65,Janyx,AU,2026-09-10T23:57:01Z
973,2,1112.63,Gevee,AU,2026-09-11T00:57:10Z
974,2,242.03,Mycat,AU,2026-09-11T01:14:40Z
975,2,2626.79,Brightdog,RU,2026-09-11T02:31:20Z
976,2,2908.98,Tekfly,FI,2026-09-11T03:33:07Z
977,2,3005.4,Plajo,IR,2026-09-11T04:55:07Z
978,2,8565.01,Flipstorm,PK,2026-09-11T05:28:00Z
979,2,5710.38,Edgeify,MY,2026-09-11T05:36:09Z
980,2,5273.66,Linktype,IR,2026-09-11T07:03:03Z
981,2,7043.35,Tekfly,TH,2026-09-11T07:15:47Z
982,4,216.75,Linktype,BR,2026-09-11T13:25:44Z
983,3,5,Jayo,RU,2026-09-15T14:35:11Z
984,10,2366.08,Buzzbean,YE,2026-09-19T13:21:17Z
985,17,778.93,Janyx,ES,2026-09-19T15:00:56Z
986,17,1702.78,Dynazzy,KZ,2026-09-19T15:07:47Z
987,17,5283.92,Wikivu,IR,2026-09-19T15:12:33Z
988,17,1575.44,Topiczoom,IR,2026-09-19T16:39:27Z
989,17,4185.32,Voonder,MA,2026-09-19T17:56:56Z
990,17,4978.43,Tagtune,ES,2026-09-19T18:39:11Z
991,18,5,Skynoodle,SY,2026-09-20T02:51:37Z
992,13,348.14,Skajo,FI,2026-09-21T17:47:42Z
993,13,5257.68,Skajo,FI,2026-09-21T19:17:12Z
994,13,70.72,Vinte,VE,2026-09-21T20:11:20Z
995,13,357.24,Gabvine,IN,2026-09-21T21:05:22Z
996,13,4328.62,Quimba,HR,2026-09-21T21:44:14Z
997,13,4419.94,Voomm,CN,2026-09-21T23:06:45Z
998,13,5863.89,Divavu,PL,2026-09-22T00:23:54Z
999,13,7560.54,Jabbercube,PL,2026-09-22T01:53:09Z
1000,13,8375.39,Skinix,GR,2026-09-22T02:09:04Z
